Workbook

Sheet Datos crudos
B1: Tarea A | C1: Tarea B | D1: Metodo Atomic | E1: Metodo Variables Locales
A2: Hilo 1 | B2: 6.386 | C2: 0.703 | D2: 0.163 | E2: 0.045
A3: Hilo 2 | B3: 3.3 | C3: 0.386 | D3: 0.481 | E3: 0.022
A4: Hilo 3 | B4: 2.477 | C4: 0.313 | D4: 0.642 | E4: 0.019
A5: Hilo 4 | B5: 1.97 | C5: 0.267 | D5: 0.662 | E5: 0.0149
A6: Hilo 5 | B6: 1.781 | C6: 0.279 | D6: 0.654 | E6: 0.012
A7: Hilo 6 | B7: 1.459 | C7: 0.241 | D7: 0.479 | E7: 0.0099
A8: Hilo 7 | B8: 1.373 | C8: 0.235 | D8: 0.579 | E8: 0.009
A9: Hilo 8 | B9: 1.194 | C9: 0.224 | D9: 0.551 | E9: 0.008
A10: Hilo 9 | B10: 1.208 | C10: 0.276 | D10: 0.598 | E10: 0.0109
A11: Hilo 10 | B11: 1.198 | C11: 0.231 | D11: 0.669 | E11: 0.0109
A12: Hilo 11 | B12: 1.22 | C12: 0.231 | D12: 0.575 | E12: 0.011
A13: Hilo 12 | B13: 1.257 | C13: 0.224 | D13: 0.595 | E13: 0.0099
... A17: Hilo 16 | B17: 1.364 | C17: 0.246 | D17: 0.633 | E17: 0.008

Sheet (Speedup) vs. Número de Hilos
A1: Columna1 | B1: Aceleración (Speedup)
A2: ='Datos crudos'!A2 -> Hilo 1 | B2: ='Datos crudos'!$B$2 / 'Datos crudos'!B2 -> 1
A3: ='Datos crudos'!A3 -> Hilo 2 | B3: ='Datos crudos'!$B$2 / 'Datos crudos'!B3 -> 1.9351515
A4: ='Datos crudos'!A4 -> Hilo 3 | B4: ='Datos crudos'!$B$2 / 'Datos crudos'!B4 -> 2.5781187
A5: ='Datos crudos'!A5 -> Hilo 4 | B5: ='Datos crudos'!$B$2 / 'Datos crudos'!B5 -> 3.2416244
A6: ='Datos crudos'!A6 -> Hilo 5 | B6: ='Datos crudos'!$B$2 / 'Datos crudos'!B6 -> 3.5856261
A7: ='Datos crudos'!A7 -> Hilo 6 | B7: ='Datos crudos'!$B$2 / 'Datos crudos'!B7 -> 4.3769705
A8: ='Datos crudos'!A8 -> Hilo 7 | B8: ='Datos crudos'!$B$2 / 'Datos crudos'!B8 -> 4.6511289
A9: ='Datos crudos'!A9 -> Hilo 8 | B9: ='Datos crudos'!$B$2 / 'Datos crudos'!B9 -> 5.3484087
A10: ='Datos crudos'!A10 -> Hilo 9 | B10: ='Datos crudos'!$B$2 / 'Datos crudos'!B10 -> 5.2864238
A11: ='Datos crudos'!A11 -> Hilo 10 | B11: ='Datos crudos'!$B$2 / 'Datos crudos'!B11 -> 5.3305509
A12: ='Datos crudos'!A12 -> Hilo 11 | B12: ='Datos crudos'!$B$2 / 'Datos crudos'!B12 -> 5.2344262
A13: ='Datos crudos'!A13 -> Hilo 12 | B13: ='Datos crudos'!$B$2 / 'Datos crudos'!B13 -> 5.08035
... A17: ='Datos crudos'!A17 -> Hilo 16 | B17: ='Datos crudos'!$B$2 / 'Datos crudos'!B17 -> 4.6818182

Sheet Tiempo de Ejecución vs. Nú
A1: Columna1 | B1: Tarea A | C1: Tarea B
A2: ='Datos crudos'!A2 -> Hilo 1 | B2: ='Datos crudos'!B2 -> 6.386 | C2: ='Datos crudos'!C2 -> 0.703
A3: ='Datos crudos'!A3 -> Hilo 2 | B3: ='Datos crudos'!B3 -> 3.3 | C3: ='Datos crudos'!C3 -> 0.386
A4: ='Datos crudos'!A4 -> Hilo 3 | B4: ='Datos crudos'!B4 -> 2.477 | C4: ='Datos crudos'!C4 -> 0.313
A5: ='Datos crudos'!A5 -> Hilo 4 | B5: ='Datos crudos'!B5 -> 1.97 | C5: ='Datos crudos'!C5 -> 0.267
A6: ='Datos crudos'!A6 -> Hilo 5 | B6: ='Datos crudos'!B6 -> 1.781 | C6: ='Datos crudos'!C6 -> 0.279
A7: ='Datos crudos'!A7 -> Hilo 6 | B7: ='Datos crudos'!B7 -> 1.459 | C7: ='Datos crudos'!C7 -> 0.241
A8: ='Datos crudos'!A8 -> Hilo 7 | B8: ='Datos crudos'!B8 -> 1.373 | C8: ='Datos crudos'!C8 -> 0.235
A9: ='Datos crudos'!A9 -> Hilo 8 | B9: ='Datos crudos'!B9 -> 1.194 | C9: ='Datos crudos'!C9 -> 0.224
A10: ='Datos crudos'!A10 -> Hilo 9 | B10: ='Datos crudos'!B10 -> 1.208 | C10: ='Datos crudos'!C10 -> 0.276
A11: ='Datos crudos'!A11 -> Hilo 10 | B11: ='Datos crudos'!B11 -> 1.198 | C11: ='Datos crudos'!C11 -> 0.231
A12: ='Datos crudos'!A12 -> Hilo 11 | B12: ='Datos crudos'!B12 -> 1.22 | C12: ='Datos crudos'!C12 -> 0.231
A13: ='Datos crudos'!A13 -> Hilo 12 | B13: ='Datos crudos'!B13 -> 1.257 | C13: ='Datos crudos'!C13 -> 0.224
... A17: ='Datos crudos'!A17 -> Hilo 16 | B17: ='Datos crudos'!B17 -> 1.364 | C17: ='Datos crudos'!C17 -> 0.246
